{
  "position": [
    0.0,
    0.0,
    0.8
  ],
  "rotation": [
    [
      1,
      0,
      0
    ],
    [
      0,
      -1,
      0
    ],
    [
      0,
      0,
      -1
    ]
  ],
  "fx": 1160.0,
  "fy": 1160.0,
  "width": 1920,
  "height": 1080,
  "centroid": [
    -0.0005389773286879063,
    -0.01643320545554161,
    -0.02320202812552452
  ]
}