{
  "position": [
    0.0,
    0.0,
    0.8
  ],
  "rotation": [
    [
      1,
      0,
      0
    ],
    [
      0,
      -1,
      0
    ],
    [
      0,
      0,
      -1
    ]
  ],
  "fx": 1160.0,
  "fy": 1160.0,
  "width": 1920,
  "height": 1080,
  "centroid": [
    -0.0018136779544875026,
    -0.00984275434166193,
    -0.02838098630309105
  ]
}