{
  "position": [
    0.0,
    0.0,
    0.8
  ],
  "rotation": [
    [
      1,
      0,
      0
    ],
    [
      0,
      -1,
      0
    ],
    [
      0,
      0,
      -1
    ]
  ],
  "fx": 1160.0,
  "fy": 1160.0,
  "width": 1920,
  "height": 1080,
  "centroid": [
    -0.0008719523902982473,
    -0.011638110503554344,
    -0.01924430951476097
  ]
}