{
  "position": [
    0.0,
    0.0,
    0.8
  ],
  "rotation": [
    [
      1,
      0,
      0
    ],
    [
      0,
      -1,
      0
    ],
    [
      0,
      0,
      -1
    ]
  ],
  "fx": 1160.0,
  "fy": 1160.0,
  "width": 1920,
  "height": 1080,
  "centroid": [
    0.0006884866743348539,
    -0.015195079147815704,
    -0.01451487373560667
  ]
}