{
  "position": [
    0.0,
    0.0,
    0.8
  ],
  "rotation": [
    [
      1,
      0,
      0
    ],
    [
      0,
      -1,
      0
    ],
    [
      0,
      0,
      -1
    ]
  ],
  "fx": 1160.0,
  "fy": 1160.0,
  "width": 1920,
  "height": 1080,
  "centroid": [
    0.0008720715995877981,
    -0.0139014208689332,
    -0.013734030537307262
  ]
}